{
  "type": "entity",
  "pools": [
    {
      "rolls": 2,
      "bonus_rolls": {
        "min": 1,
        "max": 2
      },
      "entries": [
        {
          "type": "item",
          "weight": 2,
          "name": "minecraft:salmon",
          "functions": [
            {
              "function": "set_count",
              "count": 1
            },
            {
              "function": "set_name",
              "name": [
                {
                  "text": "Big Fish",
                  "color": "gold"
                }
              ]
            },
            {
              "function": "set_lore",
              "lore": [
                {
                  "text": "Cool. Worth about 3 rupees.",
                  "color": "blue"
                }
              ]
            }
          ]
        },
        {
          "type": "item",
          "weight": 3,
          "name": "minecraft:cod",
          "functions": [
            {
              "function": "set_count",
              "count": 1
            },
            {
              "function": "set_name",
              "name": [
                {
                  "text": "Fish",
                  "color": "gold"
                }
              ]
            },
            {
              "function": "set_lore",
              "lore": [
                [
                  {
                    "text": "Worth about 1 rupee.",
                    "color": "dark_aqua"
                  }
                ]
              ]
            }
          ]
        },
        {
          "type": "item",
          "weight": 1,
          "name": "minecraft:scute",
          "functions": [
            {
              "function": "set_count",
              "count": 1
            },
            {
              "function": "set_name",
              "name": [
                {
                  "text": "Shell",
                  "color": "gold"
                }
              ]
            },
            {
              "function": "set_lore",
              "lore": [
                {
                  "text": "Wow! Worth about 5 rupees.",
                  "color": "dark_blue"
                }
              ]
            }
          ]
        },
        {
          "type": "item",
          "weight": 4,
          "name": "minecraft:nautilus_shell",
          "functions": [
            {
              "function": "set_count",
              "count": 1
            },
            {
              "function": "set_name",
              "name": [
                {
                  "text": "Fish Guts",
                  "color": "gray"
                }
              ]
            },
            {
              "function": "set_lore",
              "lore": [
                {
                  "text": "Worthless.",
                  "color": "gray"
                }
              ]
            }
          ]
        },
        {
          "type": "empty",
          "weight": 8
        }
      ]
    }
  ]
}
