{"type":"entity","pools":[{"rolls":{"min":0,"max":1},"entries":[{"type":"item","weight":22,"name":"minecraft:red_concrete","functions":[{"function":"set_count","count":1}]},{"type":"item","weight":22,"name":"minecraft:arrow","functions":[{"function":"set_count","count":1}]},{"type":"item","weight":23,"name":"minecraft:pink_terracotta","functions":[{"function":"set_count","count":1}]},{"type":"item","weight":18,"name":"minecraft:blue_dye","functions":[{"function":"set_count","count":1}]},{"type":"item","weight":10,"name":"minecraft:red_dye","functions":[{"function":"set_count","count":1}]}]}]}
