{"type":"entity","pools":[{"rolls":{"min":0,"max":5},"entries":[{"type":"item","weight":25,"name":"minecraft:green_dye","functions":[{"function":"set_count","count":1}]},{"type":"item","weight":15,"name":"minecraft:spectral_arrow","functions":[{"function":"set_count","count":1}]},{"type":"item","weight":25,"name":"minecraft:red_terracotta","functions":[{"function":"set_count","count":1}]},{"type":"item","weight":10,"name":"minecraft:pink_terracotta","functions":[{"function":"set_count","count":1}]},{"type":"item","weight":10,"name":"minecraft:blue_dye","functions":[{"function":"set_count","count":1}]},{"type":"item","weight":5,"name":"minecraft:red_dye","functions":[{"function":"set_count","count":1}]},{"type":"item","weight":10,"name":"minecraft:red_concrete","functions":[{"function":"set_count","count":1}]}]}]}
