{
  "__comment": "Made with TheDestruc7i0n's advancements generator: https://advancements.thedestruc7i0n.ca",
  "display": {
    "title": {
      "text": "Hit Baby Pig"
    },
    "description": {
      "text": "Triggers when a player hits a baby pig"
    },
    "icon": {
      "item": "minecraft:porkchop"
    },
    "frame": "task",
    "show_toast": false,
    "announce_to_chat": false,
    "hidden": true,
    "background": "minecraft:textures/gui/advancements/backgrounds/stone.png"
  },
  "criteria": {
    "c1": {
      "trigger": "minecraft:player_hurt_entity",
      "conditions": {
        "entity": {
          "type": "minecraft:pig",
          "flags": {
            "is_baby": true
          }
        }
      }
    }
  },
  "rewards": {
    "function": "enviroment:potz/end/detect"
  }
}
