{
  "__comment": "Made with TheDestruc7i0n's advancements generator: https://advancements.thedestruc7i0n.ca",
  "display": {
    "title": {
      "text": "Place Pufferfish"
    },
    "description": {
      "text": "Triggers when the player uses a pufferfish spawn egg."
    },
    "icon": {
      "item": "minecraft:flower_pot"
    },
    "frame": "task",
    "show_toast": false,
    "announce_to_chat": false,
    "hidden": true
  },
  "criteria": {
    "c1": {
      "trigger": "minecraft:item_used_on_block",
      "conditions": {
        "location": [
          {
            "condition": "minecraft:match_tool",
            "predicate": {
              "items": [
                "minecraft:pufferfish_spawn_egg"
              ]
            }
          }
        ]
      }
    }
  },
  "rewards": {
    "function": "enviroment:potz/place/detect"
  }
}
