{"stats":{"minecraft:killed_by":{"minecraft:iron_golem":4},"minecraft:dropped":{"minecraft:iron_sword":76,"minecraft:tnt":23,"minecraft:lantern":1,"minecraft:red_stained_glass":1,"minecraft:carrot_on_a_stick":1,"minecraft:calibrated_sculk_sensor":1,"minecraft:redstone":1,"minecraft:chiseled_stone_bricks":1,"minecraft:sea_lantern":1,"minecraft:stone_bricks":1,"minecraft:bow":2},"minecraft:killed":{"minecraft:zombified_piglin":3,"minecraft:slime":39,"minecraft:shulker":14,"minecraft:silverfish":13,"minecraft:husk":5,"minecraft:iron_golem":7,"minecraft:zombie":18},"minecraft:picked_up":{"minecraft:shulker_shell":10,"minecraft:calibrated_sculk_sensor":1,"minecraft:acacia_button":2,"minecraft:redstone_torch":6,"minecraft:poppy":3,"minecraft:stick":22,"minecraft:crimson_button":3,"minecraft:white_dye":4,"minecraft:stone_button":1,"minecraft:redstone":16,"minecraft:rotten_flesh":15,"minecraft:blue_dye":1,"minecraft:repeater":13,"minecraft:carrot_on_a_stick":22,"minecraft:lantern":2,"minecraft:apple":3,"minecraft:stone_bricks":1,"minecraft:iron_ingot":9,"minecraft:green_dye":7,"minecraft:chiseled_stone_bricks":1,"minecraft:sand":1,"minecraft:spectral_arrow":4,"minecraft:red_terracotta":6,"minecraft:sea_lantern":1,"minecraft:red_stained_glass":1,"minecraft:slime_ball":66,"minecraft:lever":9,"minecraft:oak_sapling":24,"minecraft:red_concrete":6},"minecraft:used":{"minecraft:purpur_block":11594,"minecraft:trident":1,"minecraft:netherite_sword":71,"minecraft:jack_o_lantern":4,"minecraft:jungle_leaves":92,"minecraft:polished_blackstone_brick_slab":1,"minecraft:iron_bars":355,"minecraft:stone_sword":12,"minecraft:flint_and_steel":13,"minecraft:carved_pumpkin":1,"minecraft:stone_shovel":13,"minecraft:spruce_slab":143,"minecraft:dispenser":9,"minecraft:redstone":235,"minecraft:carrot_on_a_stick":275,"minecraft:bone_block":12,"minecraft:ladder":7,"minecraft:oak_sign":1,"minecraft:spruce_planks":60,"minecraft:chest":19,"minecraft:tinted_glass":7,"minecraft:iron_sword":85,"minecraft:quartz_stairs":8,"minecraft:player_head":1,"minecraft:netherrack":5,"minecraft:sculk_sensor":27,"minecraft:debug_stick":48,"minecraft:torch":3,"minecraft:dirt":61,"minecraft:spruce_stairs":23,"minecraft:cobblestone_wall":240,"minecraft:glass":87,"minecraft:crimson_button":12,"minecraft:stone_brick_slab":1537,"minecraft:packed_ice":4,"minecraft:sea_lantern":30,"minecraft:lava_bucket":80,"minecraft:light_gray_stained_glass":9,"minecraft:red_wool":1,"minecraft:lantern":31,"minecraft:iron_block":11,"minecraft:grass_block":1423,"minecraft:jungle_log":20,"minecraft:spruce_button":4,"minecraft:spawner":2,"minecraft:quartz_block":1,"minecraft:dark_oak_leaves":15,"minecraft:diorite_wall":62,"minecraft:stone_brick_stairs":1032,"minecraft:barrel":1,"minecraft:stone_bricks":16583,"minecraft:spruce_hanging_sign":3,"minecraft:repeater":93,"minecraft:glowstone":569,"minecraft:redstone_lamp":25,"minecraft:bow":128,"minecraft:black_stained_glass":3,"minecraft:iron_trapdoor":19,"minecraft:hay_block":2,"minecraft:emerald_block":33,"minecraft:infested_cracked_stone_bricks":32,"minecraft:oak_sapling":80,"minecraft:gold_block":248,"minecraft:granite_wall":152,"minecraft:red_dye":12,"minecraft:observer":9,"minecraft:pointed_dripstone":5,"minecraft:dark_oak_sapling":136,"minecraft:bamboo_trapdoor":21,"minecraft:water_bucket":122,"minecraft:iron_ore":1,"minecraft:dirt_path":23,"minecraft:wither_skeleton_skull":7,"minecraft:birch_leaves":302,"minecraft:dark_oak_sign":5,"minecraft:polished_andesite":5,"minecraft:andesite_slab":8,"minecraft:iron_golem_spawn_egg":1,"minecraft:redstone_block":13,"minecraft:cauldron":9,"minecraft:spruce_sign":49,"minecraft:glow_ink_sac":17,"minecraft:calibrated_sculk_sensor":6,"minecraft:oak_leaves":448,"minecraft:white_wool":280,"minecraft:pink_concrete":14,"minecraft:sand":28,"minecraft:purpur_stairs":844,"minecraft:oak_slab":102,"minecraft:green_dye":8,"minecraft:blue_ice":57,"minecraft:sculk_shrieker":3,"minecraft:campfire":8,"minecraft:sponge":1,"minecraft:chiseled_quartz_block":120,"minecraft:stone_brick_wall":477,"minecraft:mangrove_sign":1,"minecraft:spruce_log":47,"minecraft:lightning_rod":4,"minecraft:redstone_torch":31,"minecraft:oak_log":42,"minecraft:sticky_piston":4,"minecraft:lever":30,"minecraft:green_concrete":9,"minecraft:yellow_dye":6,"minecraft:black_concrete":171,"minecraft:black_wool":79,"minecraft:crying_obsidian":41,"minecraft:dark_oak_log":3,"minecraft:command_block":88,"minecraft:barrier":158,"minecraft:oak_button":14,"minecraft:stone_button":16,"minecraft:stone_slab":4,"minecraft:purpur_slab":366,"minecraft:spruce_trapdoor":19,"minecraft:soul_lantern":47,"minecraft:chiseled_stone_bricks":483,"minecraft:diamond_sword":1,"minecraft:coal_block":549,"minecraft:cobblestone":29,"minecraft:grindstone":8,"minecraft:chain_command_block":92,"minecraft:lapis_block":2,"minecraft:chain":381,"minecraft:ice":14,"minecraft:repeating_command_block":2,"minecraft:polished_blackstone_button":10,"minecraft:white_concrete":1,"minecraft:husk_spawn_egg":9,"minecraft:warped_button":1,"minecraft:bone_meal":105,"minecraft:smooth_stone":60},"minecraft:custom":{"minecraft:mob_kills":102,"minecraft:fill_cauldron":4,"minecraft:leave_game":34,"minecraft:time_since_death":359432,"minecraft:climb_one_cm":1447,"minecraft:damage_resisted":1708,"minecraft:sprint_one_cm":864520,"minecraft:walk_one_cm":1438021,"minecraft:drop":109,"minecraft:play_time":2410684,"minecraft:deaths":7,"minecraft:sneak_time":112351,"minecraft:walk_under_water_one_cm":21944,"minecraft:jump":9284,"minecraft:walk_on_water_one_cm":56625,"minecraft:total_world_time":6906978,"minecraft:interact_with_grindstone":1,"minecraft:time_since_rest":359434,"minecraft:damage_taken":1139,"minecraft:damage_dealt":16770,"minecraft:swim_one_cm":11039,"minecraft:fly_one_cm":15406425,"minecraft:open_chest":36,"minecraft:crouch_one_cm":80735,"minecraft:fall_one_cm":77530,"minecraft:inspect_dispenser":1}},"DataVersion":3465}